{"name":"Archivo Narrow","url":"archivo-narrow","category":"Display","variants":["Regular","Italic","Bold","Bold Italic"],"regular":{"stylesheet":"fonts\/web\/archivo-narrow_Regular\/stylesheet.css","ttf":"fonts\/web\/archivo-narrow_Regular\/ArchivoNarrow-Regular-webfont.ttf","fontface":"archivo_narrowregular"},"italic":{"stylesheet":"fonts\/web\/archivo-narrow_Italic\/stylesheet.css","ttf":"fonts\/web\/archivo-narrow_Italic\/ArchivoNarrow-Italic-webfont.ttf","fontface":"archivo_narrowitalic"},"bold":{"stylesheet":"fonts\/web\/archivo-narrow_Bold\/stylesheet.css","ttf":"fonts\/web\/archivo-narrow_Bold\/ArchivoNarrow-Bold-webfont.ttf","fontface":"archivo_narrowbold"},"bolditalic":false}